Address,Property Type,Bedrooms,Bathrooms,Parking Spaces,Study,Sold Price,Sold Date,Size,Suburb
"11/36 Lisson Grove, Hawthorn, Vic 3122",Apartment,1,1,1,0,"710,000",19/05/2026,,Hawthorn
"2/4-6 Grattan Street, Hawthorn, Vic 3122",Apartment,2,1,1,0,"900,000",16/05/2026,,Hawthorn
"16/25 Malmsbury Street, Hawthorn, Vic 3122",Townhouse,2,2,2,0,"1,000,000",11/05/2026,,Hawthorn
"13/284 Barkers Road, Hawthorn, Vic 3122",Unit,2,1,1,0,"928,000",9/05/2026,208,Hawthorn
"6/4 Hill Street, Hawthorn, Vic 3122",Apartment,2,1,1,0,"712,500",9/05/2026,,Hawthorn
"9/27 Morang Road, Hawthorn, Vic 3122",Apartment,2,1,1,0,"687,000",9/05/2026,,Hawthorn
"610/377 Burwood Road, Hawthorn, Vic 3122",Apartment,2,1,1,0,"575,000",8/05/2026,,Hawthorn
"213/6 Lisson Grove, Hawthorn, Vic 3122",Apartment,1,1,1,0,"390,000",8/05/2026,,Hawthorn
"110/625 Glenferrie Road, Hawthorn, Vic 3122",Apartment,2,2,1,0,"725,000",7/05/2026,93,Hawthorn
"5/32 Manningtree Road, Hawthorn, Vic 3122",Apartment,2,1,1,0,"680,000",2/05/2026,,Hawthorn
"15/574 Glenferrie Road, Hawthorn, Vic 3122",Apartment,2,1,1,0,"540,000",2/05/2026,,Hawthorn
"516/2 Golding Street, Hawthorn, Vic 3122",Apartment,2,2,1,0,"600,000",25/04/2026,,Hawthorn
"8/360 Auburn Road, Hawthorn, Vic 3122",House,4,2,2,1,"2,475,000",24/04/2026,236,Hawthorn
"111/163 Burwood Road, Hawthorn, Vic 3122",Apartment,2,1,1,0,"610,000",23/04/2026,,Hawthorn
"1/31 Bell Street, Hawthorn, Vic 3122",Unit,1,1,1,0,"615,000",21/04/2026,,Hawthorn
"6/472 Glenferrie Road, Hawthorn, Vic 3122",Apartment,2,1,1,0,"555,000",15/04/2026,,Hawthorn
"28/168 Power Street, Hawthorn, Vic 3122",Apartment,1,1,1,0,"386,000",14/04/2026,,Hawthorn
"60/44 Burwood Road, Hawthorn, Vic 3122",Apartment,2,1,1,0,"595,000",10/04/2026,,Hawthorn
"707/377 Burwood Road, Hawthorn, Vic 3122",Apartment,1,1,1,0,"325,000",10/04/2026,,Hawthorn
"502/2 Golding Street, Hawthorn, Vic 3122",Apartment,2,2,1,0,"635,000",7/04/2026,,Hawthorn
"14/36-38 Elphin Grove, Hawthorn, Vic 3122",Apartment,2,1,1,0,"615,000",31/03/2026,,Hawthorn
"11/44-46 Liddiard Street, Hawthorn, Vic 3122",Apartment,1,1,1,0,"395,000",30/03/2026,,Hawthorn
"3/25 Isabella Grove, Hawthorn, Vic 3122",Unit,2,1,1,0,"1,094,000",28/03/2026,,Hawthorn
"8/564 Glenferrie Road, Hawthorn, Vic 3122",Apartment,1,1,1,0,"589,000",28/03/2026,,Hawthorn
"37 The Boulevard, Hawthorn, Vic 3122",House,3,1,2,0,"1,720,000",21/03/2026,398,Hawthorn
"3/44 Kinkora Road, Hawthorn, Vic 3122",Unit,2,1,1,0,"845,000",21/03/2026,,Hawthorn
"12/167 Power Street, Hawthorn, Vic 3122",Apartment,2,1,1,0,"645,000",20/03/2026,,Hawthorn
"13/89-91 Denham Street, Hawthorn, Vic 3122",Unit,1,1,0,0,"262,000",19/03/2026,,Hawthorn
"30/523 Burwood Road, Hawthorn, Vic 3122",Apartment,2,2,1,0,"600,000",18/03/2026,,Hawthorn
"15/557 Glenferrie Road, Hawthorn, Vic 3122",Apartment,1,1,1,0,"430,000",17/03/2026,,Hawthorn
"9/30-32 Barton Street, Hawthorn, Vic 3122",Apartment,2,1,1,0,"498,000",16/03/2026,,Hawthorn
"5/26 Selbourne Street, Hawthorn, Vic 3122",Apartment,1,1,1,1,"600,000",12/03/2026,,Hawthorn
"24/506 Glenferrie Road, Hawthorn, Vic 3122",Apartment,1,1,1,0,"328,000",11/03/2026,,Hawthorn
"511B/200 Burwood Road, Hawthorn, Vic 3122",Apartment,2,2,1,0,"645,000",10/03/2026,,Hawthorn
"188C Riversdale Road, Hawthorn, Vic 3122",Apartment,3,2,2,0,"990,000",6/03/2026,,Hawthorn
"6/203 Auburn Road, Hawthorn, Vic 3122",Apartment,1,1,1,0,"395,000",6/03/2026,,Hawthorn
"8/17 Muir Street, Hawthorn, Vic 3122",Apartment,2,1,1,0,"795,000",2/03/2026,,Hawthorn
"105/383 Burwood Road, Hawthorn, Vic 3122",Apartment,1,1,0,0,"210,000",2/03/2026,,Hawthorn
"29/70A Church Street, Hawthorn, Vic 3122",Apartment,2,1,1,0,"555,000",28/02/2026,,Hawthorn
"202/163 Burwood Road, Hawthorn, Vic 3122",Apartment,2,1,1,0,"520,000",28/02/2026,,Hawthorn
"13/64-66 Riversdale Road, Hawthorn, Vic 3122",Unit,2,2,2,0,"900,000",27/02/2026,,Hawthorn
"104/151 Burwood Road, Hawthorn, Vic 3122",Apartment,2,1,1,0,"515,000",27/02/2026,,Hawthorn
"17/197 Auburn Road, Hawthorn, Vic 3122",Apartment,1,1,1,0,"440,000",26/02/2026,,Hawthorn
"8/181 Power Street, Hawthorn, Vic 3122",Apartment,2,1,1,0,"672,000",25/02/2026,,Hawthorn
"210/1A Launder Street, Hawthorn, Vic 3122",Apartment,2,2,1,0,"600,000",17/02/2026,,Hawthorn
"10/94 Liddiard Street, Hawthorn, Vic 3122",Apartment,2,1,2,0,"721,000",10/02/2026,,Hawthorn
"6/70 Auburn Road, Hawthorn, Vic 3122",Townhouse,3,2,2,0,"1,281,000",9/02/2026,,Hawthorn
"502/25 Lynch Street, Hawthorn, Vic 3122",Apartment,1,1,1,0,"420,000",7/02/2026,,Hawthorn
"302/80 Lynch Street, Hawthorn, Vic 3122",Apartment,2,1,1,0,"540,000",3/02/2026,,Hawthorn
"4/15 Lisson Grove, Hawthorn, Vic 3122",Townhouse,4,2,2,0,"2,500,000",31/01/2026,472,Hawthorn
"B108/311 Burwood Road, Hawthorn, Vic 3122",Apartment,1,1,1,1,"439,000",27/01/2026,,Hawthorn
"15/187 Auburn Road, Hawthorn, Vic 3122",Unit,2,1,1,0,"565,000",22/01/2026,72,Hawthorn
"7/157-163 Burwood Road, Hawthorn, Vic 3122",Apartment,1,1,1,1,"480,000",16/01/2026,,Hawthorn
"103/160 Power Street, Hawthorn, Vic 3122",Apartment,1,1,1,0,"447,500",9/01/2026,,Hawthorn
"10 Callanish Road, Camberwell, Vic 3124",House,5,2,2,0,"2,860,000",16/05/2026,,Camberwell
"10/5 Fermanagh Road, Camberwell, Vic 3124",Apartment,2,1,1,0,"856,000",9/05/2026,864,Camberwell
"3/16-18 Morey Street, Camberwell, Vic 3124",Unit,2,1,1,0,"761,000",6/05/2026,,Camberwell
"160 Wattle Valley Road, Camberwell, Vic 3124",House,5,3,2,0,"2,951,800",2/05/2026,508,Camberwell
"5/18 Cornell Street, Camberwell, Vic 3124",Unit,3,2,2,0,"1,280,000",2/05/2026,284,Camberwell
"814 Burke Road, Camberwell, Vic 3124",House,3,1,2,0,"1,220,000",2/05/2026,282,Camberwell
"5/31 Alma Road, Camberwell, Vic 3124",Apartment,2,1,1,0,"643,000",2/05/2026,,Camberwell
"3/5 Stornoway Road, Camberwell, Vic 3124",Unit,3,1,1,0,"1,050,000",21/04/2026,,Camberwell
"3/20 Oxford Street, Camberwell, Vic 3124",Townhouse,4,2,2,0,"1,587,000",11/04/2026,235,Camberwell
"G02/1280 Toorak Road, Camberwell, Vic 3124",Apartment,2,2,1,0,"680,000",8/04/2026,,Camberwell
"11 Rowell Avenue, Camberwell, Vic 3124",House,5,2,3,1,"3,478,000",28/03/2026,921,Camberwell
"2/184 Wattle Valley Road, Camberwell, Vic 3124",Unit,2,1,1,0,"800,000",26/03/2026,,Camberwell
"38 Christowel Street, Camberwell, Vic 3124",House,3,1,2,0,"2,250,000",21/03/2026,777,Camberwell
"2/28 Seymour Grove, Camberwell, Vic 3124",Unit,3,1,2,0,"1,180,000",21/03/2026,,Camberwell
"9 Pine Avenue, Camberwell, Vic 3124",House,5,3,3,0,"3,600,000",18/03/2026,836,Camberwell
"8 Georgina Parade, Camberwell, Vic 3124",House,4,2,2,0,"2,110,000",14/03/2026,654,Camberwell
"151 Through Road, Camberwell, Vic 3124",House,3,1,3,0,"1,700,000",14/03/2026,650,Camberwell
"1244 Toorak Road, Camberwell, Vic 3124",House,2,1,3,0,"1,175,001",13/03/2026,352,Camberwell
"2/106 Warrigal Road, Camberwell, Vic 3124",Townhouse,4,2,2,1,"1,275,000",6/03/2026,,Camberwell
"3/13 Callanish Road, Camberwell, Vic 3124",Unit,2,2,2,0,"1,266,000",28/02/2026,230,Camberwell
"208/828 Burke Road, Camberwell, Vic 3124",Apartment,1,1,1,0,"415,000",28/02/2026,,Camberwell
"1/5 Acheron Avenue, Camberwell, Vic 3124",Apartment,2,1,1,0,"682,500",27/02/2026,,Camberwell
"5/27 High Road, Camberwell, Vic 3124",Villa,2,1,2,0,"810,000",24/02/2026,,Camberwell
"11 Lockhart Street, Camberwell, Vic 3124",House,3,1,2,0,"2,200,000",21/02/2026,602,Camberwell
"2/21 Hartwell Hill Road, Camberwell, Vic 3124",Townhouse,4,2,2,0,"1,512,000",14/02/2026,284,Camberwell
"1/7 Eddy Street, Camberwell, Vic 3124",Villa,2,1,1,0,"1,100,000",14/02/2026,252,Camberwell
"101/1101 Toorak Road, Camberwell, Vic 3124",Apartment,2,2,1,0,"475,000",12/02/2026,,Camberwell
"310/347 Camberwell Road, Camberwell, Vic 3124",Apartment,2,2,1,0,"530,000",9/02/2026,,Camberwell
"2/13 Oberwyl Road, Camberwell, Vic 3124",Unit,2,1,1,0,"995,000",7/02/2026,,Camberwell
"1/20 Hazel Street, Camberwell, Vic 3124",House,2,2,1,0,"1,440,000",4/02/2026,419,Camberwell
"2/59 Through Road, Camberwell, Vic 3124",Townhouse,3,2,2,0,"1,475,000",3/02/2026,,Camberwell
"G3/565 Camberwell Road, Camberwell, Vic 3124",Apartment,1,1,1,0,"370,000",14/01/2026,,Camberwell
"2/689 Riversdale Road, Camberwell, Vic 3124",Townhouse,3,2,2,0,"1,335,000",22/12/2025,259,Camberwell
"3/5 Glencairn Avenue, Camberwell, Vic 3124",Unit,2,2,1,1,"1,135,000",20/12/2025,,Camberwell
"204/828 Burke Road, Camberwell, Vic 3124",Apartment,2,2,1,0,"648,000",17/12/2025,,Camberwell
"3/441 Camberwell Road, Camberwell, Vic 3124",Townhouse,3,1,1,0,"1,050,000",12/12/2025,,Camberwell
"101/890 Toorak Road, Camberwell, Vic 3124",Apartment,3,2,2,0,"1,400,000",1/12/2025,122,Camberwell
"111/828 Burke Road, Camberwell, Vic 3124",Apartment,1,1,1,0,"410,000",1/12/2025,,Camberwell
"27A Glencairn Avenue, Camberwell, Vic 3124",House,5,3,2,0,"2,646,000",29/11/2025,464,Camberwell
"1/41 Prospect Hill Road, Camberwell, Vic 3124",Villa,2,1,2,0,"1,130,000",29/11/2025,,Camberwell
"10/5 Acheron Avenue, Camberwell, Vic 3124",Apartment,2,1,0,0,"572,000",29/11/2025,,Camberwell
"4/31 Alma Road, Camberwell, Vic 3124",Apartment,2,1,0,0,"601,000",28/11/2025,,Camberwell
"14 Mabel Street, Camberwell, Vic 3124",House,3,2,3,0,"2,280,000",27/11/2025,656,Camberwell
"14 Tyrone Street, Camberwell, Vic 3124",House,4,2,2,0,"2,330,000",26/11/2025,650,Camberwell
"8 Fairholm Grove, Camberwell, Vic 3124",House,4,2,1,0,"3,125,000",22/11/2025,627,Camberwell
"19 Orange Grove, Camberwell, Vic 3124",House,4,2,3,0,"3,000,000",22/11/2025,840,Camberwell
"62 & 62A Prospect Hill Road, Camberwell, Vic 3124",House,4,2,2,0,"2,685,000",22/11/2025,849,Camberwell
"2 French Street, Camberwell, Vic 3124",House,4,2,2,0,"2,420,000",17/11/2025,641,Camberwell
"4/8-10 Morey Street, Camberwell, Vic 3124",Townhouse,3,2,2,0,"1,547,000",16/11/2025,339,Camberwell
"3/14 Hollsmoor Road, Camberwell, Vic 3124",Townhouse,4,2,2,1,"1,610,000",15/11/2025,210,Camberwell
"2/806 Burke Road, Camberwell, Vic 3124",Apartment,2,1,1,0,"1,075,000",13/11/2025,,Camberwell
"1/14 Garden Road, Camberwell, Vic 3124",House,4,3,2,0,"1,810,000",12/11/2025,260,Camberwell
"1/29 Glencairn Avenue, Camberwell, Vic 3124",House,3,2,2,0,"1,747,000",8/11/2025,319,Camberwell
"2 Darling Avenue, Camberwell, Vic 3124",House,3,1,1,0,"1,970,000",3/11/2025,651,Camberwell
"17/828 Burke Road, Camberwell, Vic 3124",Apartment,2,1,1,0,"630,000",31/10/2025,,Camberwell
"367 Old Warrandyte Road, Ringwood North, Vic 3134",House,4,2,1,1,"1,252,000",20/05/2026,"1,429",Ringwood_North
"1 Jull Parade, Ringwood North, Vic 3134",House,4,2,2,1,"1,440,000",9/05/2026,643,Ringwood_North
"9 Rouseglen Court, Ringwood North, Vic 3134",House,5,2,3,1,"2,910,000",8/05/2026,"1,505",Ringwood_North
"1 Heape Way, Ringwood North, Vic 3134",House,5,4,2,1,"1,450,000",6/05/2026,643,Ringwood_North
"141A Warrandyte Road, Ringwood North, Vic 3134",Townhouse,4,2,2,0,"1,170,000",2/05/2026,,Ringwood_North
"4 Braimton Close, Ringwood North, Vic 3134",House,4,3,1,0,"1,160,000",2/05/2026,928,Ringwood_North
"1A Evelyn Road, Ringwood North, Vic 3134",House,3,2,3,0,"1,010,000",2/05/2026,684,Ringwood_North
"24 Oban Woods, Ringwood North, Vic 3134",House,5,3,2,1,"1,485,000",1/05/2026,780,Ringwood_North
"5/18-20 Avalon Grove, Ringwood North, Vic 3134",Unit,2,1,1,0,"703,000",30/04/2026,169,Ringwood_North
"79 Tortice Drive, Ringwood North, Vic 3134",House,4,2,2,1,"1,285,000",22/04/2026,785,Ringwood_North
"36 Kubis Drive, Ringwood North, Vic 3134",House,4,2,2,0,"1,228,000",1/04/2026,676,Ringwood_North
"86A Loughnan Road, Ringwood North, Vic 3134",House,3,1,1,0,"1,010,000",1/04/2026,583,Ringwood_North
"11 Evelyn Road, Ringwood North, Vic 3134",House,6,3,4,0,"1,920,000",30/03/2026,784,Ringwood_North
"20 Rudolf Court, Ringwood North, Vic 3134",House,3,2,2,0,"1,192,500",24/03/2026,732,Ringwood_North
"43 Park Hill Drive, Ringwood North, Vic 3134",House,4,2,2,0,"1,180,000",21/03/2026,661,Ringwood_North
"19 Evelyn Road, Ringwood North, Vic 3134",House,4,2,4,0,"2,100,000",15/03/2026,780,Ringwood_North
"21 Werac Drive, Ringwood North, Vic 3134",House,5,2,2,0,"1,449,000",14/03/2026,760,Ringwood_North
"55 Evelyn Road, Ringwood North, Vic 3134",House,3,1,2,0,"1,065,000",14/03/2026,"1,341",Ringwood_North
"121 Warrandyte Road, Ringwood North, Vic 3134",House,2,1,2,0,"775,000",8/03/2026,561,Ringwood_North
"1A Lockhart Road, Ringwood North, Vic 3134",House,4,2,4,0,"1,225,000",7/03/2026,,Ringwood_North
"3 Gwenmay Court, Ringwood North, Vic 3134",House,4,2,2,0,"1,275,000",2/03/2026,719,Ringwood_North
"24 Gabriella Court, Ringwood North, Vic 3134",House,3,1,1,0,"1,011,000",28/02/2026,552,Ringwood_North
"387-391 Old Warrandyte Road, Ringwood North, Vic 3134",House,4,2,2,0,"1,540,000",25/02/2026,"4,081",Ringwood_North
"25 Barnsdale Way, Ringwood North, Vic 3134",House,4,3,2,0,"1,650,000",24/02/2026,654,Ringwood_North
"6 Cantala Crescent, Ringwood North, Vic 3134",House,4,2,2,0,"1,550,000",20/02/2026,670,Ringwood_North
"10 Parkview Court, Ringwood North, Vic 3134",House,4,2,2,0,"1,350,000",20/02/2026,926,Ringwood_North
"18B Through Road, Ringwood North, Vic 3134",House,3,1,2,0,"925,000",20/02/2026,,Ringwood_North
"2 Werac Drive, Ringwood North, Vic 3134",House,4,2,2,0,"1,158,000",19/02/2026,573,Ringwood_North
"3/10 Linden Road, Ringwood North, Vic 3134",Unit,3,2,2,0,"1,035,000",15/02/2026,292,Ringwood_North
"9 Pamela Place, Ringwood North, Vic 3134",House,4,2,2,0,"1,395,000",12/02/2026,707,Ringwood_North
"4 Gillard Place, Ringwood North, Vic 3134",House,4,2,2,0,"1,240,000",10/02/2026,777,Ringwood_North
"3 Heape Way, Ringwood North, Vic 3134",House,3,2,2,0,"1,100,000",10/02/2026,651,Ringwood_North
"4 Benjamin Court, Ringwood North, Vic 3134",House,4,2,4,0,"1,585,000",3/02/2026,653,Ringwood_North
"23 Panorama Avenue, Ringwood North, Vic 3134",House,5,3,3,0,"1,350,000",31/01/2026,998,Ringwood_North
"52 Lockhart Road, Ringwood North, Vic 3134",House,5,2,2,0,"1,205,000",27/01/2026,797,Ringwood_North
"2/2 Linden Road, Ringwood North, Vic 3134",Townhouse,3,2,2,0,"1,135,000",17/01/2026,362,Ringwood_North
"22 Felix Crescent, Ringwood North, Vic 3134",House,3,2,4,0,"988,888",12/01/2026,945,Ringwood_North
"3 Kubba Road, Ringwood North, Vic 3134",House,4,2,5,1,"1,365,000",10/01/2026,912,Ringwood_North
"19 McMahon Court, Ringwood North, Vic 3134",House,4,2,2,0,"1,575,000",24/12/2025,650,Ringwood_North
"4 Athelstane Drive, Ringwood North, Vic 3134",House,4,1,2,0,"1,145,550",24/12/2025,793,Ringwood_North
"46 Bramley Drive, Ringwood North, Vic 3134",House,5,2,3,0,"2,060,000",22/12/2025,939,Ringwood_North
"16 Melview Drive, Ringwood North, Vic 3134",House,3,1,2,0,"1,090,000",22/12/2025,716,Ringwood_North
"4 Pauls Court, Ringwood North, Vic 3134",House,4,2,2,1,"1,650,000",18/12/2025,414,Ringwood_North
"247 Oban Road, Ringwood North, Vic 3134",House,5,2,2,0,"1,711,111",16/12/2025,"2,300",Ringwood_North
"4/35 Wonga Road, Ringwood North, Vic 3134",Townhouse,3,2,2,0,"935,000",16/12/2025,201,Ringwood_North
"30 Evelyn Road, Ringwood North, Vic 3134",House,4,3,2,1,"1,122,000",6/12/2025,960,Ringwood_North
"28 Avalon Grove, Ringwood North, Vic 3134",House,3,1,1,0,"835,000",6/12/2025,598,Ringwood_North
"13 Goldsmith Avenue, Ringwood North, Vic 3134",House,3,2,2,0,"1,150,000",4/12/2025,697,Ringwood_North
"11 Avalon Grove, Ringwood North, Vic 3134",House,5,3,1,0,"980,011",4/12/2025,850,Ringwood_North
"2A Adolphson Avenue, Ringwood North, Vic 3134",House,2,1,1,0,"765,000",4/12/2025,604,Ringwood_North
"7 McMahon Court, Ringwood North, Vic 3134",House,4,2,2,0,"1,590,000",2/12/2025,651,Ringwood_North
"37 Pine Crescent, Ringwood North, Vic 3134",House,4,2,2,0,"1,060,000",2/12/2025,931,Ringwood_North
"4a Pauls Court, Ringwood North, Vic 3134",House,4,2,2,1,"1,650,000",29/11/2025,455,Ringwood_North
"70 Melview Drive, Ringwood North, Vic 3134",House,4,3,3,0,"1,410,000",29/11/2025,785,Ringwood_North
"35 Goldsmith Avenue, Ringwood North, Vic 3134",House,3,2,1,0,"1,230,000",29/11/2025,654,Ringwood_North
